Peptide,Strength,Price,Vendor,Discount Code,PRC Product
5 Amino 1mq,5mg,34.99,FelixChem,,No
5 Amino 1mq,10mg,50.00,Instant,Kikiriki,No
5 Amino 1mq,20mg,40.00,AMP,KIKIRIKI,No
5 Amino 1mq,50mg,68.00,Authentic Aminos,Kikiriki,No
Adamax,10mg,65.00,Tydes,Kikiriki,No
AOD 9604,2mg,35.00,AMP,KIKIRIKI,No
AOD 9604,5mg,33.00,Biopeptide,Kikiriki,No
AOD 9604,10mg,103.48,https://bc9.co,Kikiriki,No
Ara 290,10mg,35.00,AIO,Kikiriki,No
Ara 290,15mg,66.50,Biolongevity Labs,Kikiriki,No
Ara 290,16mg,103.48,https://bc9.co,Kikiriki,No
B12,10ml,24.95,Strate,Kikiriki,No
BPC 157,5mg,29.00,Biopeptide,,No
BPC 157,10mg,40.00,AMP,KIKIRIKI,No
BPC157/TB500,5mg/5mg,44.00,AIO,KIKIRIKI,No
BPC157/TB500,10mg/10mg,51.00,TruLab,Kikiriki,No
Bronchogen,20mg,48.98,Biolongevity Labs,Kikiriki,No
Cagri/Reta,12.5mg/2.5mg,120.00,EZ,,No
Cagri/Sema,5mg/5mg,102.00,Penguin,Kikiriki,No
Cagrilintide,5mg,40.00,Synagenics,Kikiriki,No
Cagrilintide,10mg,90.00,Instant,Kikiriki,No
Cardiogen,20mg,48.98,Biolongevity Labs,Kikiriki,No
Cartalax,20mg,52.00,AIO,,No
Cerebrolysin,60mg,39.00,Authentic Aminos,Kikiriki,No
CJC 1295 no DAC,2mg,24.00,Authentic Aminos,Kikiriki,No
CJC 1295 no DAC,5mg,30.00,Biopeptide,Kikiriki,No
CJC 1295 no DAC / Ipamorelin,5mg/5mg,34.40,AIO,KIKIRIKI,No
Cortagen,20mg,48.98,Biolongevity Labs,Kikiriki,No
Dermorphin,5mg,22.00,PRC,,Yes
DSIP,5mg,24.00,AIO,KIKIRIKI,No
DSIP,10mg,49.95,Strate,Kikiriki,No
DSIP,15mg,89.99,Biopeptide,Kikiriki,No
Epithalon,10mg,25.60,AIO,KIKIRIKI,No
Epithalon,50mg,129.99,Felix Chem,,No
Follistatin,10mg,559.30,Biolongevity Labs,Kikiriki,No
FOX 04 DRI,10mg,140.00,AIO,,No
GHK - CU,50mg,35.00,AMP,KIKIRIKI,No
GHK - CU,100mg,32.00,Synagenics,Kikiriki,No
GHRP – 6,5mg,18.99,Elev8,Kikiriki,No
GLOW,70mg,55.00,Synagenics,Kikiriki,No
GLOW,80mg,79.00,RetaOne,,No
Glutathione,600mg,47.00,Penguin,Kikiriki,No
Glutathione,1200mg,56.00,AIO,Kikiriki,No
Glutathione,1500mg,40.00,Synagenics,Kikiriki,No
HCG,5000iu,39.99,Ignition,,No
HCG,10000iu,55.00,Royal,kikiriki,No
Hexarelin,5mg,44.99,TCore,Kikiriki,No
Hexarelin,6mg,45.00,Tydes,Kikiriki,No
HGH 191,15iu,54.00,Penguin,Kikiriki,No
HGH 191,36iu,107.00,Penguin,Kikiriki,No
IGF – 1LR3,1mg,46.40,AIO,Kikiriki,No
Ipamorelin,5mg,24.00,AIO,Kikiriki,No
Ipamorelin,10mg,40.00,EZ,,No
Kisspeptin,5mg,52.00,Penguin,Kikiriki,No
Kisspeptin,10mg,35.20,AIO,Kikirkiki,No
KLOTHO,10mcg,559.30,Biolongevity Labs,Kikiriki,No
"KLOW (TB-500, BPC-157, KPV, GHK-Cu)",80mg,90.00,Royal,kikiriki,No
KPV,5mg,54.99,SportsTech,Kikiriki,No
KPV,10mg,32.00,Synagenics,Kikiriki,No
L-Carnitine,500mg/10ml,24.99,Strate,Kikiriki,No
L-Carnitine,500mg/20ml,51.20,AIO,Kikiriki,No
L-Carnitine,500mg/30ml,59.99,Strate,Kikiriki,No
L-Carnitine,500mg/50ml,99.99,Strate,Kikiriki,No
L-Carnitine,600mg/ml,45.00,Penguin,Kikiriki,No
Lemon Bottle/Pine Bottle,Lemon,65.00,PRC,Pine,Yes
"Lipo B (L-Carnitine, L-Arginine, Methione, Inositol, Choline, B6, B5))",10ml,55.00,Synagenics,Kikiriki,No
"Lipo C  (Methione, Choline, Carnitine, Dexpanrhenol)",10ml,55.00,Penguin,Kikiriki,No
"Lipo C  (Methione, Choline, Carnitine, Dexpanrhenol)",20ml,67.20,AIO,Kikiriki,No
"Lipo C  (Methione, Choline, Carnitine, Dexpanrhenol)",30ml,159.99,FelixChem,,No
"Lipo C Fat Blaster (L-Carnitine, Methionine, Inositol, Choline, B12, B6, NADH)",10ml,65.00,Royal,kikiriki,No
"Lipo C Fat Blaster (L-Carnitine, Methionine, Inositol, Choline, B12, B6, NADH)",20ml,112.00,AIO,Kikiriki,No
Lipo C with B12,20ml,60.00,EZ,,No
LL-37,5mg,36.00,AIO,Kikiriki,No
LL-37,10mg,79.00,Ascencion,Kikiriki,No
Melanotan 1,10mg,24.00,AIO,Kikiriki,No
Melanotan 2,10mg,29.00,Biopeptide,Kikiriki,No
MOTS - C,10mg,34.40,AIO,KIKIRIKI,No
MOTS - C,40mg,115.00,Instant,Kikiriki,No
NAD+,250mg,35.00,https://ameanopeptides.com,Kikiriki,No
NAD+,500mg,45.00,Biopeptide,Kikiriki,No
NAD+,1000mg,99.00,https://eqno.com,Kikiriki,No
Ovagen,20mg,79.97,Biolongevity Labs,Kikiriki,No
Oxytocin,2mg,42.00,Penguin,Kikiriki,No
Oxytocin,10mg,45.48,Biolongevity Labs,Kikiriki,No
P-21,10mg,75.00,Tydes,Kikiriki,No
Pancragen,20mg,94.97,Biolongevity Labs,kikiriki,No
PE – 22-28,10mg,49.95,Strate,kikiriki,No
PEG-MGF,2mg,36.00,AIO,Kikiriki,No
PEG-MGF,5mg,94.97,Biolongevity Labs,kikiriki,No
Pinealon,10mg,34.99,Orbitrex,Kikiriki10,No
Pinealon,20mg,70.00,Tydes,Kikiriki,No
PNC 27,10mg,279.97,Biolongevity Labs,Kikiriki,No
Prostamax,20mg,79.97,Biolongevity Labs,Kikiriki,No
PT – 141,10mg,26.00,Biopeptide,KIKIRIKI,No
R - GLP-3,5mg,39.00,TruLab,Kikiriki,No
R - GLP-3,6mg,45.00,EZ,,No
R - GLP-3,10mg,48.00,RetaOne,,No
R - GLP-3,12mg,80.00,EZ,,No
R - GLP-3,15mg,102.00,TruLab,kikiriki,No
R - GLP-3,20mg,63.00,Synagenics,Kikiriki,No
R - GLP-3,24mg,150.00,EZ,,No
R - GLP-3,30mg,124.00,RetaOne,,No
R - GLP-3,40mg,179.00,RetaOne,,No
R - GLP-3,48mg,265.00,EZ,,No
R - GLP-3,50mg,209.00,RetaOne,,No
R - GLP-3,60mg,239.00,RetaOne,,No
S - GLP-1,5mg,40.00,EZ,,No
S - GLP-1,10mg,52.10,AIO,KIKIRIKI,No
S - GLP-1,20mg,119.99,Orbitrex,Kikiriki10,No
Selank,5mg,24.99,Elev8,Kikiriki,No
Selank,11mg,30.00,Biopeptide,Kikiriki,No
Selank,30mg,69.99,Orbitrex,Kikiriki10,No
Semax,5mg,25.00,Synagenics,Kikiriki,No
Semax,10mg,29.99,Orbitrex,Kikiriki10,No
Semax,30mg,69.99,Orbitrex,Kikiriki10,No
Sermorelin,5mg,32.00,AIO,Kikiriki,No
Sermorelin,10mg,67.00,Penguin,Kikiriki,No
"SLEEP Blend (Gaba, Melatonin, Arginine, Glutamine)",20ml,42.00,PRC,,Yes
SLUPP 322,5mg,49.99,Orbitrex,Kikiriki10,No
Snap 8,10mg,28.00,AIO,Kikiriki,No
Snap 8,20mg,40.00,Instant,Kikiriki,No
"SUPER HUMAN Blend (L-Arginine, L-Ornithin, L-Citruline, L-Lysine, L-Glutamine, L-Proline, L-Taurine, L-Carnitine, NAC)",20ml,42.00,PRC,,Yes
Survodutide,10mg,55.00,Synagenics,Kikiriki,No
Sz- 31,10mg,42.00,Synagenics,Kikiriki,No
Sz- 31,30mg,90.00,AMP,KIKIRIKI,No
Sz- 31,50mg,178.00,Authentic Aminos,Kikiriki,No
T - GLP-2,5mg,55.00,TruLab,Kikiriki,No
T - GLP-2,10mg,49.99,Orbitrex,Kikiriki10,No
T - GLP-2,15mg,80.00,EZ,,No
T - GLP-2,20mg,60.00,Synagenics,Kikiriki,No
T - GLP-2,30mg,72.00,RetaOne,,No
T - GLP-2,40mg,110.00,Synagenics,Kikiriki,No
T - GLP-2,60mg,145.00,EZ,,No
TB500,5mg,36.99,Ignition,,No
TB500,10mg,45.00,Biopeptide,Kikiriki,No
Tesamorelin,5mg,24.99,Elev8,Kikiriki,No
Tesamorelin,10mg,45.00,Biopeptide,Kikiriki,No
Tesamorelin,20mg,105.60,AIO,Kikiriki,No
Tesamorelin/Ipamorelin,5mg/5mg,69.00,Biopeptide,Kikiri,No
Tesamorelin/Ipamorelin,6mg/2mg,80.50,Biolongevity Labs,Kikiriki,No
Tesamorelin/Ipamorelin,10mg/3mg,105.00,EZ,KIKIRIKI,No
Tesofensine,500mcg,99.00,RetaOne,,No
Testagen,20mg,55.08,Biolongevity Labs,Kikiriki,No
Thymalin,10mg,25.00,Biopeptide,Kikiriki,No
Thymosin Alpha,5mg,45.00,AMP,KIKIRIKI,No
Thymosin Alpha,10mg,62.00,Ascencion,Kikiriki,No
Thymosin Alpha,15mg,44.00,AIO,Kikiriki,No
VIP,5mg,48.00,Authentic Aminos,Kikiriki,No
VIP,10mg,60.00,Instant,Kikiriki,No
